state_code,county_code,site_number,parameter_code,poc,latitude,longitude,datum,parameter,sample_duration_code,sample_duration,pollutant_standard,date_local,units_of_measure,event_type,observation_count,observation_percent,validity_indicator,arithmetic_mean,first_max_value,first_max_hour,aqi,method_code,method,local_site_name,site_address,state,county,city,cbsa_code,cbsa,date_of_last_change
06,017,0011,42600,1,38.944979,-119.970609,WGS84,Reactive oxides of nitrogen (NOy),1,1 HOUR,,2004-01-01,Parts per billion,No Events,24,100.0,Y,5.541667,13.0,17,,075,LOW LEVEL NOX INSTRUMENTAL - TECO 42S CHEMILUMINESCENCE,South Lake Tahoe-Sandy Way," 3337 Sandy Way, South Lake Tahoe, CA",California,El Dorado,South Lake Tahoe,40900,"Sacramento--Roseville--Arden-Arcade, CA",2013-06-11
06,017,0011,42600,1,38.944979,-119.970609,WGS84,Reactive oxides of nitrogen (NOy),1,1 HOUR,,2004-01-02,Parts per billion,No Events,24,100.0,Y,17.0,56.0,7,,075,LOW LEVEL NOX INSTRUMENTAL - TECO 42S CHEMILUMINESCENCE,South Lake Tahoe-Sandy Way," 3337 Sandy Way, South Lake Tahoe, CA",California,El Dorado,South Lake Tahoe,40900,"Sacramento--Roseville--Arden-Arcade, CA",2013-06-11
06,017,0011,42600,1,38.944979,-119.970609,WGS84,Reactive oxides of nitrogen (NOy),1,1 HOUR,,2004-01-03,Parts per billion,No Events,24,100.0,Y,25.166667,58.0,5,,075,LOW LEVEL NOX INSTRUMENTAL - TECO 42S CHEMILUMINESCENCE,South Lake Tahoe-Sandy Way," 3337 Sandy Way, South Lake Tahoe, CA",California,El Dorado,South Lake Tahoe,40900,"Sacramento--Roseville--Arden-Arcade, CA",2013-06-11
06,017,0011,42600,1,38.944979,-119.970609,WGS84,Reactive oxides of nitrogen (NOy),1,1 HOUR,,2004-01-04,Parts per billion,No Events,24,100.0,Y,34.666667,75.0,9,,075,LOW LEVEL NOX INSTRUMENTAL - TECO 42S CHEMILUMINESCENCE,South Lake Tahoe-Sandy Way," 3337 Sandy Way, South Lake Tahoe, CA",California,El Dorado,South Lake Tahoe,40900,"Sacramento--Roseville--Arden-Arcade, CA",2013-06-11
06,017,0011,42600,1,38.944979,-119.970609,WGS84,Reactive oxides of nitrogen (NOy),1,1 HOUR,,2004-01-05,Parts per billion,No Events,24,100.0,Y,49.25,86.0,18,,075,LOW LEVEL NOX INSTRUMENTAL - TECO 42S CHEMILUMINESCENCE,South Lake Tahoe-Sandy Way," 3337 Sandy Way, South Lake Tahoe, CA",California,El Dorado,South Lake Tahoe,40900,"Sacramento--Roseville--Arden-Arcade, CA",2013-06-11
06,017,0011,42600,1,38.944979,-119.970609,WGS84,Reactive oxides of nitrogen (NOy),1,1 HOUR,,2004-01-06,Parts per billion,No Events,24,100.0,Y,38.125,102.0,9,,075,LOW LEVEL NOX INSTRUMENTAL - TECO 42S CHEMILUMINESCENCE,South Lake Tahoe-Sandy Way," 3337 Sandy Way, South Lake Tahoe, CA",California,El Dorado,South Lake Tahoe,40900,"Sacramento--Roseville--Arden-Arcade, CA",2013-06-11
06,017,0011,42600,1,38.944979,-119.970609,WGS84,Reactive oxides of nitrogen (NOy),1,1 HOUR,,2004-01-07,Parts per billion,No Events,24,100.0,Y,7.083333,15.0,16,,075,LOW LEVEL NOX INSTRUMENTAL - TECO 42S CHEMILUMINESCENCE,South Lake Tahoe-Sandy Way," 3337 Sandy Way, South Lake Tahoe, CA",California,El Dorado,South Lake Tahoe,40900,"Sacramento--Roseville--Arden-Arcade, CA",2013-06-11
06,017,0011,42600,1,38.944979,-119.970609,WGS84,Reactive oxides of nitrogen (NOy),1,1 HOUR,,2004-01-08,Parts per billion,No Events,24,100.0,Y,37.5,127.0,20,,075,LOW LEVEL NOX INSTRUMENTAL - TECO 42S CHEMILUMINESCENCE,South Lake Tahoe-Sandy Way," 3337 Sandy Way, South Lake Tahoe, CA",California,El Dorado,South Lake Tahoe,40900,"Sacramento--Roseville--Arden-Arcade, CA",2013-06-11
06,017,0011,42600,1,38.944979,-119.970609,WGS84,Reactive oxides of nitrogen (NOy),1,1 HOUR,,2004-01-09,Parts per billion,No Events,24,100.0,Y,10.541667,36.0,2,,075,LOW LEVEL NOX INSTRUMENTAL - TECO 42S CHEMILUMINESCENCE,South Lake Tahoe-Sandy Way," 3337 Sandy Way, South Lake Tahoe, CA",California,El Dorado,South Lake Tahoe,40900,"Sacramento--Roseville--Arden-Arcade, CA",2013-06-11
06,017,0011,42600,1,38.944979,-119.970609,WGS84,Reactive oxides of nitrogen (NOy),1,1 HOUR,,2004-01-10,Parts per billion,No Events,24,100.0,Y,35.708333,91.0,19,,075,LOW LEVEL NOX INSTRUMENTAL - TECO 42S CHEMILUMINESCENCE,South Lake Tahoe-Sandy Way," 3337 Sandy Way, South Lake Tahoe, CA",California,El Dorado,South Lake Tahoe,40900,"Sacramento--Roseville--Arden-Arcade, CA",2013-06-11
06,017,0011,42600,1,38.944979,-119.970609,WGS84,Reactive oxides of nitrogen (NOy),1,1 HOUR,,2004-01-11,Parts per billion,No Events,24,100.0,Y,32.958333,53.0,18,,075,LOW LEVEL NOX INSTRUMENTAL - TECO 42S CHEMILUMINESCENCE,South Lake Tahoe-Sandy Way," 3337 Sandy Way, South Lake Tahoe, CA",California,El Dorado,South Lake Tahoe,40900,"Sacramento--Roseville--Arden-Arcade, CA",2013-06-11
06,017,0011,42600,1,38.944979,-119.970609,WGS84,Reactive oxides of nitrogen (NOy),1,1 HOUR,,2004-01-12,Parts per billion,No Events,24,100.0,Y,45.458333,118.0,9,,075,LOW LEVEL NOX INSTRUMENTAL - TECO 42S CHEMILUMINESCENCE,South Lake Tahoe-Sandy Way," 3337 Sandy Way, South Lake Tahoe, CA",California,El Dorado,South Lake Tahoe,40900,"Sacramento--Roseville--Arden-Arcade, CA",2013-06-11
06,017,0011,42600,1,38.944979,-119.970609,WGS84,Reactive oxides of nitrogen (NOy),1,1 HOUR,,2004-01-13,Parts per billion,No Events,24,100.0,Y,46.166667,113.0,9,,075,LOW LEVEL NOX INSTRUMENTAL - TECO 42S CHEMILUMINESCENCE,South Lake Tahoe-Sandy Way," 3337 Sandy Way, South Lake Tahoe, CA",California,El Dorado,South Lake Tahoe,40900,"Sacramento--Roseville--Arden-Arcade, CA",2013-06-11
06,017,0011,42600,1,38.944979,-119.970609,WGS84,Reactive oxides of nitrogen (NOy),1,1 HOUR,,2004-01-14,Parts per billion,No Events,23,96.0,Y,42.347826,92.0,18,,075,LOW LEVEL NOX INSTRUMENTAL - TECO 42S CHEMILUMINESCENCE,South Lake Tahoe-Sandy Way," 3337 Sandy Way, South Lake Tahoe, CA",California,El Dorado,South Lake Tahoe,40900,"Sacramento--Roseville--Arden-Arcade, CA",2013-06-11
06,017,0011,42600,1,38.944979,-119.970609,WGS84,Reactive oxides of nitrogen (NOy),1,1 HOUR,,2004-01-15,Parts per billion,No Events,24,100.0,Y,33.833333,73.0,9,,075,LOW LEVEL NOX INSTRUMENTAL - TECO 42S CHEMILUMINESCENCE,South Lake Tahoe-Sandy Way," 3337 Sandy Way, South Lake Tahoe, CA",California,El Dorado,South Lake Tahoe,40900,"Sacramento--Roseville--Arden-Arcade, CA",2013-06-11
06,017,0011,42600,1,38.944979,-119.970609,WGS84,Reactive oxides of nitrogen (NOy),1,1 HOUR,,2004-01-16,Parts per billion,No Events,24,100.0,Y,44.166667,116.0,9,,075,LOW LEVEL NOX INSTRUMENTAL - TECO 42S CHEMILUMINESCENCE,South Lake Tahoe-Sandy Way," 3337 Sandy Way, South Lake Tahoe, CA",California,El Dorado,South Lake Tahoe,40900,"Sacramento--Roseville--Arden-Arcade, CA",2013-06-11
06,017,0011,42600,1,38.944979,-119.970609,WGS84,Reactive oxides of nitrogen (NOy),1,1 HOUR,,2004-01-17,Parts per billion,No Events,24,100.0,Y,40.916667,77.0,18,,075,LOW LEVEL NOX INSTRUMENTAL - TECO 42S CHEMILUMINESCENCE,South Lake Tahoe-Sandy Way," 3337 Sandy Way, South Lake Tahoe, CA",California,El Dorado,South Lake Tahoe,40900,"Sacramento--Roseville--Arden-Arcade, CA",2013-06-11
06,017,0011,42600,1,38.944979,-119.970609,WGS84,Reactive oxides of nitrogen (NOy),1,1 HOUR,,2004-01-18,Parts per billion,No Events,24,100.0,Y,28.041667,46.0,18,,075,LOW LEVEL NOX INSTRUMENTAL - TECO 42S CHEMILUMINESCENCE,South Lake Tahoe-Sandy Way," 3337 Sandy Way, South Lake Tahoe, CA",California,El Dorado,South Lake Tahoe,40900,"Sacramento--Roseville--Arden-Arcade, CA",2013-06-11
06,017,0011,42600,1,38.944979,-119.970609,WGS84,Reactive oxides of nitrogen (NOy),1,1 HOUR,,2004-01-19,Parts per billion,No Events,24,100.0,Y,26.666667,52.0,9,,075,LOW LEVEL NOX INSTRUMENTAL - TECO 42S CHEMILUMINESCENCE,South Lake Tahoe-Sandy Way," 3337 Sandy Way, South Lake Tahoe, CA",California,El Dorado,South Lake Tahoe,40900,"Sacramento--Roseville--Arden-Arcade, CA",2013-06-11
06,017,0011,42600,1,38.944979,-119.970609,WGS84,Reactive oxides of nitrogen (NOy),1,1 HOUR,,2004-01-20,Parts per billion,No Events,23,96.0,Y,15.826087,27.0,15,,075,LOW LEVEL NOX INSTRUMENTAL - TECO 42S CHEMILUMINESCENCE,South Lake Tahoe-Sandy Way," 3337 Sandy Way, South Lake Tahoe, CA",California,El Dorado,South Lake Tahoe,40900,"Sacramento--Roseville--Arden-Arcade, CA",2013-06-11
06,017,0011,42600,1,38.944979,-119.970609,WGS84,Reactive oxides of nitrogen (NOy),1,1 HOUR,,2004-01-21,Parts per billion,No Events,24,100.0,Y,26.0,70.0,19,,075,LOW LEVEL NOX INSTRUMENTAL - TECO 42S CHEMILUMINESCENCE,South Lake Tahoe-Sandy Way," 3337 Sandy Way, South Lake Tahoe, CA",California,El Dorado,South Lake Tahoe,40900,"Sacramento--Roseville--Arden-Arcade, CA",2013-06-11
06,017,0011,42600,1,38.944979,-119.970609,WGS84,Reactive oxides of nitrogen (NOy),1,1 HOUR,,2004-01-22,Parts per billion,No Events,24,100.0,Y,42.5,107.0,8,,075,LOW LEVEL NOX INSTRUMENTAL - TECO 42S CHEMILUMINESCENCE,South Lake Tahoe-Sandy Way," 3337 Sandy Way, South Lake Tahoe, CA",California,El Dorado,South Lake Tahoe,40900,"Sacramento--Roseville--Arden-Arcade, CA",2013-06-11
06,017,0011,42600,1,38.944979,-119.970609,WGS84,Reactive oxides of nitrogen (NOy),1,1 HOUR,,2004-01-23,Parts per billion,No Events,24,100.0,Y,41.166667,96.0,9,,075,LOW LEVEL NOX INSTRUMENTAL - TECO 42S CHEMILUMINESCENCE,South Lake Tahoe-Sandy Way," 3337 Sandy Way, South Lake Tahoe, CA",California,El Dorado,South Lake Tahoe,40900,"Sacramento--Roseville--Arden-Arcade, CA",2013-06-11
06,017,0011,42600,1,38.944979,-119.970609,WGS84,Reactive oxides of nitrogen (NOy),1,1 HOUR,,2004-01-24,Parts per billion,No Events,24,100.0,Y,8.375,15.0,8,,075,LOW LEVEL NOX INSTRUMENTAL - TECO 42S CHEMILUMINESCENCE,South Lake Tahoe-Sandy Way," 3337 Sandy Way, South Lake Tahoe, CA",California,El Dorado,South Lake Tahoe,40900,"Sacramento--Roseville--Arden-Arcade, CA",2013-06-11
06,017,0011,42600,1,38.944979,-119.970609,WGS84,Reactive oxides of nitrogen (NOy),1,1 HOUR,,2004-01-25,Parts per billion,No Events,24,100.0,Y,16.625,36.0,18,,075,LOW LEVEL NOX INSTRUMENTAL - TECO 42S CHEMILUMINESCENCE,South Lake Tahoe-Sandy Way," 3337 Sandy Way, South Lake Tahoe, CA",California,El Dorado,South Lake Tahoe,40900,"Sacramento--Roseville--Arden-Arcade, CA",2013-06-11
06,017,0011,42600,1,38.944979,-119.970609,WGS84,Reactive oxides of nitrogen (NOy),1,1 HOUR,,2004-01-26,Parts per billion,No Events,23,96.0,Y,11.869565,28.0,4,,075,LOW LEVEL NOX INSTRUMENTAL - TECO 42S CHEMILUMINESCENCE,South Lake Tahoe-Sandy Way," 3337 Sandy Way, South Lake Tahoe, CA",California,El Dorado,South Lake Tahoe,40900,"Sacramento--Roseville--Arden-Arcade, CA",2013-06-11
06,017,0011,42600,1,38.944979,-119.970609,WGS84,Reactive oxides of nitrogen (NOy),1,1 HOUR,,2004-01-27,Parts per billion,No Events,24,100.0,Y,10.041667,37.0,18,,075,LOW LEVEL NOX INSTRUMENTAL - TECO 42S CHEMILUMINESCENCE,South Lake Tahoe-Sandy Way," 3337 Sandy Way, South Lake Tahoe, CA",California,El Dorado,South Lake Tahoe,40900,"Sacramento--Roseville--Arden-Arcade, CA",2013-06-11
06,017,0011,42600,1,38.944979,-119.970609,WGS84,Reactive oxides of nitrogen (NOy),1,1 HOUR,,2004-01-28,Parts per billion,No Events,24,100.0,Y,25.791667,47.0,18,,075,LOW LEVEL NOX INSTRUMENTAL - TECO 42S CHEMILUMINESCENCE,South Lake Tahoe-Sandy Way," 3337 Sandy Way, South Lake Tahoe, CA",California,El Dorado,South Lake Tahoe,40900,"Sacramento--Roseville--Arden-Arcade, CA",2013-06-11
06,017,0011,42600,1,38.944979,-119.970609,WGS84,Reactive oxides of nitrogen (NOy),1,1 HOUR,,2004-01-29,Parts per billion,No Events,24,100.0,Y,30.166667,71.0,18,,075,LOW LEVEL NOX INSTRUMENTAL - TECO 42S CHEMILUMINESCENCE,South Lake Tahoe-Sandy Way," 3337 Sandy Way, South Lake Tahoe, CA",California,El Dorado,South Lake Tahoe,40900,"Sacramento--Roseville--Arden-Arcade, CA",2013-06-11
06,017,0011,42600,1,38.944979,-119.970609,WGS84,Reactive oxides of nitrogen (NOy),1,1 HOUR,,2004-01-30,Parts per billion,No Events,24,100.0,Y,7.958333,29.0,0,,075,LOW LEVEL NOX INSTRUMENTAL - TECO 42S CHEMILUMINESCENCE,South Lake Tahoe-Sandy Way," 3337 Sandy Way, South Lake Tahoe, CA",California,El Dorado,South Lake Tahoe,40900,"Sacramento--Roseville--Arden-Arcade, CA",2013-06-11
06,017,0011,42600,1,38.944979,-119.970609,WGS84,Reactive oxides of nitrogen (NOy),1,1 HOUR,,2004-01-31,Parts per billion,No Events,24,100.0,Y,17.5,43.0,18,,075,LOW LEVEL NOX INSTRUMENTAL - TECO 42S CHEMILUMINESCENCE,South Lake Tahoe-Sandy Way," 3337 Sandy Way, South Lake Tahoe, CA",California,El Dorado,South Lake Tahoe,40900,"Sacramento--Roseville--Arden-Arcade, CA",2013-06-11
06,017,0011,42600,1,38.944979,-119.970609,WGS84,Reactive oxides of nitrogen (NOy),1,1 HOUR,,2004-02-01,Parts per billion,No Events,24,100.0,Y,7.25,15.0,0,,075,LOW LEVEL NOX INSTRUMENTAL - TECO 42S CHEMILUMINESCENCE,South Lake Tahoe-Sandy Way," 3337 Sandy Way, South Lake Tahoe, CA",California,El Dorado,South Lake Tahoe,40900,"Sacramento--Roseville--Arden-Arcade, CA",2013-06-11
06,017,0011,42600,1,38.944979,-119.970609,WGS84,Reactive oxides of nitrogen (NOy),1,1 HOUR,,2004-02-02,Parts per billion,No Events,24,100.0,Y,9.875,45.0,22,,075,LOW LEVEL NOX INSTRUMENTAL - TECO 42S CHEMILUMINESCENCE,South Lake Tahoe-Sandy Way," 3337 Sandy Way, South Lake Tahoe, CA",California,El Dorado,South Lake Tahoe,40900,"Sacramento--Roseville--Arden-Arcade, CA",2013-06-11
06,017,0011,42600,1,38.944979,-119.970609,WGS84,Reactive oxides of nitrogen (NOy),1,1 HOUR,,2004-02-03,Parts per billion,No Events,24,100.0,Y,14.041667,43.0,7,,075,LOW LEVEL NOX INSTRUMENTAL - TECO 42S CHEMILUMINESCENCE,South Lake Tahoe-Sandy Way," 3337 Sandy Way, South Lake Tahoe, CA",California,El Dorado,South Lake Tahoe,40900,"Sacramento--Roseville--Arden-Arcade, CA",2013-06-11
06,017,0011,42600,1,38.944979,-119.970609,WGS84,Reactive oxides of nitrogen (NOy),1,1 HOUR,,2004-02-04,Parts per billion,No Events,23,96.0,Y,18.347826,35.0,17,,075,LOW LEVEL NOX INSTRUMENTAL - TECO 42S CHEMILUMINESCENCE,South Lake Tahoe-Sandy Way," 3337 Sandy Way, South Lake Tahoe, CA",California,El Dorado,South Lake Tahoe,40900,"Sacramento--Roseville--Arden-Arcade, CA",2013-06-11
06,017,0011,42600,1,38.944979,-119.970609,WGS84,Reactive oxides of nitrogen (NOy),1,1 HOUR,,2004-02-05,Parts per billion,No Events,24,100.0,Y,28.458333,73.0,9,,075,LOW LEVEL NOX INSTRUMENTAL - TECO 42S CHEMILUMINESCENCE,South Lake Tahoe-Sandy Way," 3337 Sandy Way, South Lake Tahoe, CA",California,El Dorado,South Lake Tahoe,40900,"Sacramento--Roseville--Arden-Arcade, CA",2013-06-11
06,017,0011,42600,1,38.944979,-119.970609,WGS84,Reactive oxides of nitrogen (NOy),1,1 HOUR,,2004-02-06,Parts per billion,No Events,24,100.0,Y,20.541667,70.0,8,,075,LOW LEVEL NOX INSTRUMENTAL - TECO 42S CHEMILUMINESCENCE,South Lake Tahoe-Sandy Way," 3337 Sandy Way, South Lake Tahoe, CA",California,El Dorado,South Lake Tahoe,40900,"Sacramento--Roseville--Arden-Arcade, CA",2013-06-11
06,017,0011,42600,1,38.944979,-119.970609,WGS84,Reactive oxides of nitrogen (NOy),1,1 HOUR,,2004-02-07,Parts per billion,No Events,24,100.0,Y,27.916667,77.0,20,,075,LOW LEVEL NOX INSTRUMENTAL - TECO 42S CHEMILUMINESCENCE,South Lake Tahoe-Sandy Way," 3337 Sandy Way, South Lake Tahoe, CA",California,El Dorado,South Lake Tahoe,40900,"Sacramento--Roseville--Arden-Arcade, CA",2013-06-11
06,017,0011,42600,1,38.944979,-119.970609,WGS84,Reactive oxides of nitrogen (NOy),1,1 HOUR,,2004-02-08,Parts per billion,No Events,24,100.0,Y,32.875,53.0,21,,075,LOW LEVEL NOX INSTRUMENTAL - TECO 42S CHEMILUMINESCENCE,South Lake Tahoe-Sandy Way," 3337 Sandy Way, South Lake Tahoe, CA",California,El Dorado,South Lake Tahoe,40900,"Sacramento--Roseville--Arden-Arcade, CA",2013-06-11
06,017,0011,42600,1,38.944979,-119.970609,WGS84,Reactive oxides of nitrogen (NOy),1,1 HOUR,,2004-02-09,Parts per billion,No Events,24,100.0,Y,16.416667,49.0,8,,075,LOW LEVEL NOX INSTRUMENTAL - TECO 42S CHEMILUMINESCENCE,South Lake Tahoe-Sandy Way," 3337 Sandy Way, South Lake Tahoe, CA",California,El Dorado,South Lake Tahoe,40900,"Sacramento--Roseville--Arden-Arcade, CA",2013-06-11
06,017,0011,42600,1,38.944979,-119.970609,WGS84,Reactive oxides of nitrogen (NOy),1,1 HOUR,,2004-02-10,Parts per billion,No Events,23,96.0,Y,30.086957,61.0,18,,075,LOW LEVEL NOX INSTRUMENTAL - TECO 42S CHEMILUMINESCENCE,South Lake Tahoe-Sandy Way," 3337 Sandy Way, South Lake Tahoe, CA",California,El Dorado,South Lake Tahoe,40900,"Sacramento--Roseville--Arden-Arcade, CA",2013-06-11
06,017,0011,42600,1,38.944979,-119.970609,WGS84,Reactive oxides of nitrogen (NOy),1,1 HOUR,,2004-02-11,Parts per billion,No Events,24,100.0,Y,32.916667,86.0,9,,075,LOW LEVEL NOX INSTRUMENTAL - TECO 42S CHEMILUMINESCENCE,South Lake Tahoe-Sandy Way," 3337 Sandy Way, South Lake Tahoe, CA",California,El Dorado,South Lake Tahoe,40900,"Sacramento--Roseville--Arden-Arcade, CA",2013-06-11
06,017,0011,42600,1,38.944979,-119.970609,WGS84,Reactive oxides of nitrogen (NOy),1,1 HOUR,,2004-02-12,Parts per billion,No Events,24,100.0,Y,34.833333,58.0,21,,075,LOW LEVEL NOX INSTRUMENTAL - TECO 42S CHEMILUMINESCENCE,South Lake Tahoe-Sandy Way," 3337 Sandy Way, South Lake Tahoe, CA",California,El Dorado,South Lake Tahoe,40900,"Sacramento--Roseville--Arden-Arcade, CA",2013-06-11
06,017,0011,42600,1,38.944979,-119.970609,WGS84,Reactive oxides of nitrogen (NOy),1,1 HOUR,,2004-02-13,Parts per billion,No Events,24,100.0,Y,31.75,173.0,9,,075,LOW LEVEL NOX INSTRUMENTAL - TECO 42S CHEMILUMINESCENCE,South Lake Tahoe-Sandy Way," 3337 Sandy Way, South Lake Tahoe, CA",California,El Dorado,South Lake Tahoe,40900,"Sacramento--Roseville--Arden-Arcade, CA",2013-06-11
06,017,0011,42600,1,38.944979,-119.970609,WGS84,Reactive oxides of nitrogen (NOy),1,1 HOUR,,2004-02-14,Parts per billion,No Events,24,100.0,Y,19.75,54.0,22,,075,LOW LEVEL NOX INSTRUMENTAL - TECO 42S CHEMILUMINESCENCE,South Lake Tahoe-Sandy Way," 3337 Sandy Way, South Lake Tahoe, CA",California,El Dorado,South Lake Tahoe,40900,"Sacramento--Roseville--Arden-Arcade, CA",2013-06-11
06,017,0011,42600,1,38.944979,-119.970609,WGS84,Reactive oxides of nitrogen (NOy),1,1 HOUR,,2004-02-15,Parts per billion,No Events,24,100.0,Y,6.833333,23.0,0,,075,LOW LEVEL NOX INSTRUMENTAL - TECO 42S CHEMILUMINESCENCE,South Lake Tahoe-Sandy Way," 3337 Sandy Way, South Lake Tahoe, CA",California,El Dorado,South Lake Tahoe,40900,"Sacramento--Roseville--Arden-Arcade, CA",2013-06-11
06,017,0011,42600,1,38.944979,-119.970609,WGS84,Reactive oxides of nitrogen (NOy),1,1 HOUR,,2004-02-16,Parts per billion,No Events,24,100.0,Y,3.375,7.0,8,,075,LOW LEVEL NOX INSTRUMENTAL - TECO 42S CHEMILUMINESCENCE,South Lake Tahoe-Sandy Way," 3337 Sandy Way, South Lake Tahoe, CA",California,El Dorado,South Lake Tahoe,40900,"Sacramento--Roseville--Arden-Arcade, CA",2013-06-11
06,017,0011,42600,1,38.944979,-119.970609,WGS84,Reactive oxides of nitrogen (NOy),1,1 HOUR,,2004-02-20,Parts per billion,No Events,24,100.0,Y,22.083333,38.0,8,,075,LOW LEVEL NOX INSTRUMENTAL - TECO 42S CHEMILUMINESCENCE,South Lake Tahoe-Sandy Way," 3337 Sandy Way, South Lake Tahoe, CA",California,El Dorado,South Lake Tahoe,40900,"Sacramento--Roseville--Arden-Arcade, CA",2013-06-11
06,017,0011,42600,1,38.944979,-119.970609,WGS84,Reactive oxides of nitrogen (NOy),1,1 HOUR,,2004-02-17,Parts per billion,No Events,23,96.0,Y,2.391304,5.0,7,,075,LOW LEVEL NOX INSTRUMENTAL - TECO 42S CHEMILUMINESCENCE,South Lake Tahoe-Sandy Way," 3337 Sandy Way, South Lake Tahoe, CA",California,El Dorado,South Lake Tahoe,40900,"Sacramento--Roseville--Arden-Arcade, CA",2013-06-11
06,017,0011,42600,1,38.944979,-119.970609,WGS84,Reactive oxides of nitrogen (NOy),1,1 HOUR,,2004-02-18,Parts per billion,No Events,24,100.0,Y,20.916667,66.0,18,,075,LOW LEVEL NOX INSTRUMENTAL - TECO 42S CHEMILUMINESCENCE,South Lake Tahoe-Sandy Way," 3337 Sandy Way, South Lake Tahoe, CA",California,El Dorado,South Lake Tahoe,40900,"Sacramento--Roseville--Arden-Arcade, CA",2013-06-11
06,017,0011,42600,1,38.944979,-119.970609,WGS84,Reactive oxides of nitrogen (NOy),1,1 HOUR,,2004-02-19,Parts per billion,No Events,24,100.0,Y,27.791667,57.0,20,,075,LOW LEVEL NOX INSTRUMENTAL - TECO 42S CHEMILUMINESCENCE,South Lake Tahoe-Sandy Way," 3337 Sandy Way, South Lake Tahoe, CA",California,El Dorado,South Lake Tahoe,40900,"Sacramento--Roseville--Arden-Arcade, CA",2013-06-11
06,017,0011,42600,1,38.944979,-119.970609,WGS84,Reactive oxides of nitrogen (NOy),1,1 HOUR,,2004-02-21,Parts per billion,No Events,24,100.0,Y,14.125,25.0,21,,075,LOW LEVEL NOX INSTRUMENTAL - TECO 42S CHEMILUMINESCENCE,South Lake Tahoe-Sandy Way," 3337 Sandy Way, South Lake Tahoe, CA",California,El Dorado,South Lake Tahoe,40900,"Sacramento--Roseville--Arden-Arcade, CA",2013-06-11
06,017,0011,42600,1,38.944979,-119.970609,WGS84,Reactive oxides of nitrogen (NOy),1,1 HOUR,,2004-02-22,Parts per billion,No Events,24,100.0,Y,13.375,28.0,18,,075,LOW LEVEL NOX INSTRUMENTAL - TECO 42S CHEMILUMINESCENCE,South Lake Tahoe-Sandy Way," 3337 Sandy Way, South Lake Tahoe, CA",California,El Dorado,South Lake Tahoe,40900,"Sacramento--Roseville--Arden-Arcade, CA",2013-06-11
06,017,0011,42600,1,38.944979,-119.970609,WGS84,Reactive oxides of nitrogen (NOy),1,1 HOUR,,2004-02-23,Parts per billion,No Events,23,96.0,Y,11.478261,25.0,15,,075,LOW LEVEL NOX INSTRUMENTAL - TECO 42S CHEMILUMINESCENCE,South Lake Tahoe-Sandy Way," 3337 Sandy Way, South Lake Tahoe, CA",California,El Dorado,South Lake Tahoe,40900,"Sacramento--Roseville--Arden-Arcade, CA",2013-06-11
06,017,0011,42600,1,38.944979,-119.970609,WGS84,Reactive oxides of nitrogen (NOy),1,1 HOUR,,2004-02-24,Parts per billion,No Events,24,100.0,Y,7.166667,18.0,18,,075,LOW LEVEL NOX INSTRUMENTAL - TECO 42S CHEMILUMINESCENCE,South Lake Tahoe-Sandy Way," 3337 Sandy Way, South Lake Tahoe, CA",California,El Dorado,South Lake Tahoe,40900,"Sacramento--Roseville--Arden-Arcade, CA",2013-06-11
06,017,0011,42600,1,38.944979,-119.970609,WGS84,Reactive oxides of nitrogen (NOy),1,1 HOUR,,2004-02-25,Parts per billion,No Events,24,100.0,Y,5.875,15.0,18,,075,LOW LEVEL NOX INSTRUMENTAL - TECO 42S CHEMILUMINESCENCE,South Lake Tahoe-Sandy Way," 3337 Sandy Way, South Lake Tahoe, CA",California,El Dorado,South Lake Tahoe,40900,"Sacramento--Roseville--Arden-Arcade, CA",2013-06-11
06,017,0011,42600,1,38.944979,-119.970609,WGS84,Reactive oxides of nitrogen (NOy),1,1 HOUR,,2004-02-26,Parts per billion,No Events,24,100.0,Y,8.458333,18.0,18,,075,LOW LEVEL NOX INSTRUMENTAL - TECO 42S CHEMILUMINESCENCE,South Lake Tahoe-Sandy Way," 3337 Sandy Way, South Lake Tahoe, CA",California,El Dorado,South Lake Tahoe,40900,"Sacramento--Roseville--Arden-Arcade, CA",2013-06-11
06,017,0011,42600,1,38.944979,-119.970609,WGS84,Reactive oxides of nitrogen (NOy),1,1 HOUR,,2004-02-27,Parts per billion,No Events,24,100.0,Y,20.291667,47.0,6,,075,LOW LEVEL NOX INSTRUMENTAL - TECO 42S CHEMILUMINESCENCE,South Lake Tahoe-Sandy Way," 3337 Sandy Way, South Lake Tahoe, CA",California,El Dorado,South Lake Tahoe,40900,"Sacramento--Roseville--Arden-Arcade, CA",2013-06-11
06,017,0011,42600,1,38.944979,-119.970609,WGS84,Reactive oxides of nitrogen (NOy),1,1 HOUR,,2004-02-28,Parts per billion,No Events,24,100.0,Y,18.375,33.0,8,,075,LOW LEVEL NOX INSTRUMENTAL - TECO 42S CHEMILUMINESCENCE,South Lake Tahoe-Sandy Way," 3337 Sandy Way, South Lake Tahoe, CA",California,El Dorado,South Lake Tahoe,40900,"Sacramento--Roseville--Arden-Arcade, CA",2013-06-11
06,017,0011,42600,1,38.944979,-119.970609,WGS84,Reactive oxides of nitrogen (NOy),1,1 HOUR,,2004-02-29,Parts per billion,No Events,24,100.0,Y,12.291667,26.0,8,,075,LOW LEVEL NOX INSTRUMENTAL - TECO 42S CHEMILUMINESCENCE,South Lake Tahoe-Sandy Way," 3337 Sandy Way, South Lake Tahoe, CA",California,El Dorado,South Lake Tahoe,40900,"Sacramento--Roseville--Arden-Arcade, CA",2013-06-11
06,017,0011,42600,1,38.944979,-119.970609,WGS84,Reactive oxides of nitrogen (NOy),1,1 HOUR,,2004-03-01,Parts per billion,No Events,24,100.0,Y,10.291667,18.0,13,,075,LOW LEVEL NOX INSTRUMENTAL - TECO 42S CHEMILUMINESCENCE,South Lake Tahoe-Sandy Way," 3337 Sandy Way, South Lake Tahoe, CA",California,El Dorado,South Lake Tahoe,40900,"Sacramento--Roseville--Arden-Arcade, CA",2013-06-11
06,017,0011,42600,1,38.944979,-119.970609,WGS84,Reactive oxides of nitrogen (NOy),1,1 HOUR,,2004-03-02,Parts per billion,No Events,24,100.0,Y,12.333333,21.0,12,,075,LOW LEVEL NOX INSTRUMENTAL - TECO 42S CHEMILUMINESCENCE,South Lake Tahoe-Sandy Way," 3337 Sandy Way, South Lake Tahoe, CA",California,El Dorado,South Lake Tahoe,40900,"Sacramento--Roseville--Arden-Arcade, CA",2013-06-11
06,017,0011,42600,1,38.944979,-119.970609,WGS84,Reactive oxides of nitrogen (NOy),1,1 HOUR,,2004-03-03,Parts per billion,No Events,24,100.0,Y,19.541667,44.0,20,,075,LOW LEVEL NOX INSTRUMENTAL - TECO 42S CHEMILUMINESCENCE,South Lake Tahoe-Sandy Way," 3337 Sandy Way, South Lake Tahoe, CA",California,El Dorado,South Lake Tahoe,40900,"Sacramento--Roseville--Arden-Arcade, CA",2013-06-11
06,017,0011,42600,1,38.944979,-119.970609,WGS84,Reactive oxides of nitrogen (NOy),1,1 HOUR,,2004-03-04,Parts per billion,No Events,24,100.0,Y,18.375,35.0,18,,075,LOW LEVEL NOX INSTRUMENTAL - TECO 42S CHEMILUMINESCENCE,South Lake Tahoe-Sandy Way," 3337 Sandy Way, South Lake Tahoe, CA",California,El Dorado,South Lake Tahoe,40900,"Sacramento--Roseville--Arden-Arcade, CA",2013-06-11
06,017,0011,42600,1,38.944979,-119.970609,WGS84,Reactive oxides of nitrogen (NOy),1,1 HOUR,,2004-03-05,Parts per billion,No Events,24,100.0,Y,16.541667,37.0,9,,075,LOW LEVEL NOX INSTRUMENTAL - TECO 42S CHEMILUMINESCENCE,South Lake Tahoe-Sandy Way," 3337 Sandy Way, South Lake Tahoe, CA",California,El Dorado,South Lake Tahoe,40900,"Sacramento--Roseville--Arden-Arcade, CA",2013-06-11
06,017,0011,42600,1,38.944979,-119.970609,WGS84,Reactive oxides of nitrogen (NOy),1,1 HOUR,,2004-03-06,Parts per billion,No Events,24,100.0,Y,22.041667,46.0,20,,075,LOW LEVEL NOX INSTRUMENTAL - TECO 42S CHEMILUMINESCENCE,South Lake Tahoe-Sandy Way," 3337 Sandy Way, South Lake Tahoe, CA",California,El Dorado,South Lake Tahoe,40900,"Sacramento--Roseville--Arden-Arcade, CA",2013-06-11
06,017,0011,42600,1,38.944979,-119.970609,WGS84,Reactive oxides of nitrogen (NOy),1,1 HOUR,,2004-03-07,Parts per billion,No Events,24,100.0,Y,23.958333,40.0,8,,075,LOW LEVEL NOX INSTRUMENTAL - TECO 42S CHEMILUMINESCENCE,South Lake Tahoe-Sandy Way," 3337 Sandy Way, South Lake Tahoe, CA",California,El Dorado,South Lake Tahoe,40900,"Sacramento--Roseville--Arden-Arcade, CA",2013-06-11
06,017,0011,42600,1,38.944979,-119.970609,WGS84,Reactive oxides of nitrogen (NOy),1,1 HOUR,,2004-03-08,Parts per billion,No Events,23,96.0,Y,34.391304,92.0,8,,075,LOW LEVEL NOX INSTRUMENTAL - TECO 42S CHEMILUMINESCENCE,South Lake Tahoe-Sandy Way," 3337 Sandy Way, South Lake Tahoe, CA",California,El Dorado,South Lake Tahoe,40900,"Sacramento--Roseville--Arden-Arcade, CA",2013-06-11
06,017,0011,42600,1,38.944979,-119.970609,WGS84,Reactive oxides of nitrogen (NOy),1,1 HOUR,,2004-03-09,Parts per billion,No Events,24,100.0,Y,29.875,84.0,8,,075,LOW LEVEL NOX INSTRUMENTAL - TECO 42S CHEMILUMINESCENCE,South Lake Tahoe-Sandy Way," 3337 Sandy Way, South Lake Tahoe, CA",California,El Dorado,South Lake Tahoe,40900,"Sacramento--Roseville--Arden-Arcade, CA",2013-06-11
06,017,0011,42600,1,38.944979,-119.970609,WGS84,Reactive oxides of nitrogen (NOy),1,1 HOUR,,2004-03-10,Parts per billion,No Events,24,100.0,Y,13.083333,33.0,20,,075,LOW LEVEL NOX INSTRUMENTAL - TECO 42S CHEMILUMINESCENCE,South Lake Tahoe-Sandy Way," 3337 Sandy Way, South Lake Tahoe, CA",California,El Dorado,South Lake Tahoe,40900,"Sacramento--Roseville--Arden-Arcade, CA",2013-06-11
06,017,0011,42600,1,38.944979,-119.970609,WGS84,Reactive oxides of nitrogen (NOy),1,1 HOUR,,2004-03-11,Parts per billion,No Events,24,100.0,Y,26.0,56.0,20,,075,LOW LEVEL NOX INSTRUMENTAL - TECO 42S CHEMILUMINESCENCE,South Lake Tahoe-Sandy Way," 3337 Sandy Way, South Lake Tahoe, CA",California,El Dorado,South Lake Tahoe,40900,"Sacramento--Roseville--Arden-Arcade, CA",2013-06-11
06,017,0011,42600,1,38.944979,-119.970609,WGS84,Reactive oxides of nitrogen (NOy),1,1 HOUR,,2004-03-12,Parts per billion,No Events,24,100.0,Y,28.416667,54.0,20,,075,LOW LEVEL NOX INSTRUMENTAL - TECO 42S CHEMILUMINESCENCE,South Lake Tahoe-Sandy Way," 3337 Sandy Way, South Lake Tahoe, CA",California,El Dorado,South Lake Tahoe,40900,"Sacramento--Roseville--Arden-Arcade, CA",2013-06-11
06,017,0011,42600,1,38.944979,-119.970609,WGS84,Reactive oxides of nitrogen (NOy),1,1 HOUR,,2004-03-13,Parts per billion,No Events,24,100.0,Y,20.916667,49.0,19,,075,LOW LEVEL NOX INSTRUMENTAL - TECO 42S CHEMILUMINESCENCE,South Lake Tahoe-Sandy Way," 3337 Sandy Way, South Lake Tahoe, CA",California,El Dorado,South Lake Tahoe,40900,"Sacramento--Roseville--Arden-Arcade, CA",2013-06-11
06,017,0011,42600,1,38.944979,-119.970609,WGS84,Reactive oxides of nitrogen (NOy),1,1 HOUR,,2004-03-14,Parts per billion,No Events,24,100.0,Y,22.541667,40.0,8,,075,LOW LEVEL NOX INSTRUMENTAL - TECO 42S CHEMILUMINESCENCE,South Lake Tahoe-Sandy Way," 3337 Sandy Way, South Lake Tahoe, CA",California,El Dorado,South Lake Tahoe,40900,"Sacramento--Roseville--Arden-Arcade, CA",2013-06-11
06,017,0011,42600,1,38.944979,-119.970609,WGS84,Reactive oxides of nitrogen (NOy),1,1 HOUR,,2004-03-15,Parts per billion,No Events,23,96.0,Y,24.521739,53.0,21,,075,LOW LEVEL NOX INSTRUMENTAL - TECO 42S CHEMILUMINESCENCE,South Lake Tahoe-Sandy Way," 3337 Sandy Way, South Lake Tahoe, CA",California,El Dorado,South Lake Tahoe,40900,"Sacramento--Roseville--Arden-Arcade, CA",2013-06-11
06,017,0011,42600,1,38.944979,-119.970609,WGS84,Reactive oxides of nitrogen (NOy),1,1 HOUR,,2004-03-16,Parts per billion,No Events,24,100.0,Y,24.291667,49.0,7,,075,LOW LEVEL NOX INSTRUMENTAL - TECO 42S CHEMILUMINESCENCE,South Lake Tahoe-Sandy Way," 3337 Sandy Way, South Lake Tahoe, CA",California,El Dorado,South Lake Tahoe,40900,"Sacramento--Roseville--Arden-Arcade, CA",2013-06-11
06,017,0011,42600,1,38.944979,-119.970609,WGS84,Reactive oxides of nitrogen (NOy),1,1 HOUR,,2004-03-17,Parts per billion,No Events,24,100.0,Y,21.5,45.0,7,,075,LOW LEVEL NOX INSTRUMENTAL - TECO 42S CHEMILUMINESCENCE,South Lake Tahoe-Sandy Way," 3337 Sandy Way, South Lake Tahoe, CA",California,El Dorado,South Lake Tahoe,40900,"Sacramento--Roseville--Arden-Arcade, CA",2013-06-11
06,017,0011,42600,1,38.944979,-119.970609,WGS84,Reactive oxides of nitrogen (NOy),1,1 HOUR,,2004-03-18,Parts per billion,No Events,24,100.0,Y,16.125,48.0,7,,075,LOW LEVEL NOX INSTRUMENTAL - TECO 42S CHEMILUMINESCENCE,South Lake Tahoe-Sandy Way," 3337 Sandy Way, South Lake Tahoe, CA",California,El Dorado,South Lake Tahoe,40900,"Sacramento--Roseville--Arden-Arcade, CA",2013-06-11
06,017,0011,42600,1,38.944979,-119.970609,WGS84,Reactive oxides of nitrogen (NOy),1,1 HOUR,,2004-03-19,Parts per billion,No Events,24,100.0,Y,9.25,30.0,18,,075,LOW LEVEL NOX INSTRUMENTAL - TECO 42S CHEMILUMINESCENCE,South Lake Tahoe-Sandy Way," 3337 Sandy Way, South Lake Tahoe, CA",California,El Dorado,South Lake Tahoe,40900,"Sacramento--Roseville--Arden-Arcade, CA",2013-06-11
06,017,0011,42600,1,38.944979,-119.970609,WGS84,Reactive oxides of nitrogen (NOy),1,1 HOUR,,2004-03-20,Parts per billion,No Events,24,100.0,Y,22.625,45.0,19,,075,LOW LEVEL NOX INSTRUMENTAL - TECO 42S CHEMILUMINESCENCE,South Lake Tahoe-Sandy Way," 3337 Sandy Way, South Lake Tahoe, CA",California,El Dorado,South Lake Tahoe,40900,"Sacramento--Roseville--Arden-Arcade, CA",2013-06-11
06,017,0011,42600,1,38.944979,-119.970609,WGS84,Reactive oxides of nitrogen (NOy),1,1 HOUR,,2004-03-21,Parts per billion,No Events,24,100.0,Y,17.541667,26.0,19,,075,LOW LEVEL NOX INSTRUMENTAL - TECO 42S CHEMILUMINESCENCE,South Lake Tahoe-Sandy Way," 3337 Sandy Way, South Lake Tahoe, CA",California,El Dorado,South Lake Tahoe,40900,"Sacramento--Roseville--Arden-Arcade, CA",2013-06-11
06,017,0011,42600,1,38.944979,-119.970609,WGS84,Reactive oxides of nitrogen (NOy),1,1 HOUR,,2004-03-22,Parts per billion,No Events,24,100.0,Y,17.875,43.0,8,,075,LOW LEVEL NOX INSTRUMENTAL - TECO 42S CHEMILUMINESCENCE,South Lake Tahoe-Sandy Way," 3337 Sandy Way, South Lake Tahoe, CA",California,El Dorado,South Lake Tahoe,40900,"Sacramento--Roseville--Arden-Arcade, CA",2013-06-11
06,017,0011,42600,1,38.944979,-119.970609,WGS84,Reactive oxides of nitrogen (NOy),1,1 HOUR,,2004-03-23,Parts per billion,No Events,23,96.0,Y,16.217391,48.0,7,,075,LOW LEVEL NOX INSTRUMENTAL - TECO 42S CHEMILUMINESCENCE,South Lake Tahoe-Sandy Way," 3337 Sandy Way, South Lake Tahoe, CA",California,El Dorado,South Lake Tahoe,40900,"Sacramento--Roseville--Arden-Arcade, CA",2013-06-11
06,017,0011,42600,1,38.944979,-119.970609,WGS84,Reactive oxides of nitrogen (NOy),1,1 HOUR,,2004-03-24,Parts per billion,No Events,24,100.0,Y,3.958333,7.0,0,,075,LOW LEVEL NOX INSTRUMENTAL - TECO 42S CHEMILUMINESCENCE,South Lake Tahoe-Sandy Way," 3337 Sandy Way, South Lake Tahoe, CA",California,El Dorado,South Lake Tahoe,40900,"Sacramento--Roseville--Arden-Arcade, CA",2013-06-11
06,017,0011,42600,1,38.944979,-119.970609,WGS84,Reactive oxides of nitrogen (NOy),1,1 HOUR,,2004-03-25,Parts per billion,No Events,24,100.0,Y,3.625,8.0,6,,075,LOW LEVEL NOX INSTRUMENTAL - TECO 42S CHEMILUMINESCENCE,South Lake Tahoe-Sandy Way," 3337 Sandy Way, South Lake Tahoe, CA",California,El Dorado,South Lake Tahoe,40900,"Sacramento--Roseville--Arden-Arcade, CA",2013-06-11
06,017,0011,42600,1,38.944979,-119.970609,WGS84,Reactive oxides of nitrogen (NOy),1,1 HOUR,,2004-03-26,Parts per billion,No Events,24,100.0,Y,6.708333,32.0,5,,075,LOW LEVEL NOX INSTRUMENTAL - TECO 42S CHEMILUMINESCENCE,South Lake Tahoe-Sandy Way," 3337 Sandy Way, South Lake Tahoe, CA",California,El Dorado,South Lake Tahoe,40900,"Sacramento--Roseville--Arden-Arcade, CA",2013-06-11
06,017,0011,42600,1,38.944979,-119.970609,WGS84,Reactive oxides of nitrogen (NOy),1,1 HOUR,,2004-03-27,Parts per billion,No Events,24,100.0,Y,13.666667,36.0,19,,075,LOW LEVEL NOX INSTRUMENTAL - TECO 42S CHEMILUMINESCENCE,South Lake Tahoe-Sandy Way," 3337 Sandy Way, South Lake Tahoe, CA",California,El Dorado,South Lake Tahoe,40900,"Sacramento--Roseville--Arden-Arcade, CA",2013-06-11
06,017,0011,42600,1,38.944979,-119.970609,WGS84,Reactive oxides of nitrogen (NOy),1,1 HOUR,,2004-03-28,Parts per billion,No Events,24,100.0,Y,15.708333,27.0,6,,075,LOW LEVEL NOX INSTRUMENTAL - TECO 42S CHEMILUMINESCENCE,South Lake Tahoe-Sandy Way," 3337 Sandy Way, South Lake Tahoe, CA",California,El Dorado,South Lake Tahoe,40900,"Sacramento--Roseville--Arden-Arcade, CA",2013-06-11
06,017,0011,42600,1,38.944979,-119.970609,WGS84,Reactive oxides of nitrogen (NOy),1,1 HOUR,,2004-03-29,Parts per billion,No Events,24,100.0,Y,17.291667,42.0,7,,075,LOW LEVEL NOX INSTRUMENTAL - TECO 42S CHEMILUMINESCENCE,South Lake Tahoe-Sandy Way," 3337 Sandy Way, South Lake Tahoe, CA",California,El Dorado,South Lake Tahoe,40900,"Sacramento--Roseville--Arden-Arcade, CA",2013-06-11
06,017,0011,42600,1,38.944979,-119.970609,WGS84,Reactive oxides of nitrogen (NOy),1,1 HOUR,,2004-03-30,Parts per billion,No Events,24,100.0,Y,11.75,25.0,6,,075,LOW LEVEL NOX INSTRUMENTAL - TECO 42S CHEMILUMINESCENCE,South Lake Tahoe-Sandy Way," 3337 Sandy Way, South Lake Tahoe, CA",California,El Dorado,South Lake Tahoe,40900,"Sacramento--Roseville--Arden-Arcade, CA",2013-06-11
06,017,0011,42600,1,38.944979,-119.970609,WGS84,Reactive oxides of nitrogen (NOy),1,1 HOUR,,2004-03-31,Parts per billion,No Events,24,100.0,Y,8.625,43.0,7,,075,LOW LEVEL NOX INSTRUMENTAL - TECO 42S CHEMILUMINESCENCE,South Lake Tahoe-Sandy Way," 3337 Sandy Way, South Lake Tahoe, CA",California,El Dorado,South Lake Tahoe,40900,"Sacramento--Roseville--Arden-Arcade, CA",2013-06-11
06,017,0011,42600,1,38.944979,-119.970609,WGS84,Reactive oxides of nitrogen (NOy),1,1 HOUR,,2004-04-04,Parts per billion,No Events,24,100.0,Y,10.25,21.0,6,,075,LOW LEVEL NOX INSTRUMENTAL - TECO 42S CHEMILUMINESCENCE,South Lake Tahoe-Sandy Way," 3337 Sandy Way, South Lake Tahoe, CA",California,El Dorado,South Lake Tahoe,40900,"Sacramento--Roseville--Arden-Arcade, CA",2013-06-11
06,017,0011,42600,1,38.944979,-119.970609,WGS84,Reactive oxides of nitrogen (NOy),1,1 HOUR,,2004-04-01,Parts per billion,No Events,24,100.0,Y,9.083333,15.0,13,,075,LOW LEVEL NOX INSTRUMENTAL - TECO 42S CHEMILUMINESCENCE,South Lake Tahoe-Sandy Way," 3337 Sandy Way, South Lake Tahoe, CA",California,El Dorado,South Lake Tahoe,40900,"Sacramento--Roseville--Arden-Arcade, CA",2013-06-11
06,017,0011,42600,1,38.944979,-119.970609,WGS84,Reactive oxides of nitrogen (NOy),1,1 HOUR,,2004-04-02,Parts per billion,No Events,24,100.0,Y,10.125,17.0,22,,075,LOW LEVEL NOX INSTRUMENTAL - TECO 42S CHEMILUMINESCENCE,South Lake Tahoe-Sandy Way," 3337 Sandy Way, South Lake Tahoe, CA",California,El Dorado,South Lake Tahoe,40900,"Sacramento--Roseville--Arden-Arcade, CA",2013-06-11
06,017,0011,42600,1,38.944979,-119.970609,WGS84,Reactive oxides of nitrogen (NOy),1,1 HOUR,,2004-04-03,Parts per billion,No Events,24,100.0,Y,14.375,35.0,7,,075,LOW LEVEL NOX INSTRUMENTAL - TECO 42S CHEMILUMINESCENCE,South Lake Tahoe-Sandy Way," 3337 Sandy Way, South Lake Tahoe, CA",California,El Dorado,South Lake Tahoe,40900,"Sacramento--Roseville--Arden-Arcade, CA",2013-06-11
06,017,0011,42600,1,38.944979,-119.970609,WGS84,Reactive oxides of nitrogen (NOy),1,1 HOUR,,2004-04-05,Parts per billion,No Events,23,96.0,Y,11.304348,35.0,7,,075,LOW LEVEL NOX INSTRUMENTAL - TECO 42S CHEMILUMINESCENCE,South Lake Tahoe-Sandy Way," 3337 Sandy Way, South Lake Tahoe, CA",California,El Dorado,South Lake Tahoe,40900,"Sacramento--Roseville--Arden-Arcade, CA",2013-06-11
06,017,0011,42600,1,38.944979,-119.970609,WGS84,Reactive oxides of nitrogen (NOy),1,1 HOUR,,2004-04-09,Parts per billion,No Events,24,100.0,Y,19.625,52.0,7,,075,LOW LEVEL NOX INSTRUMENTAL - TECO 42S CHEMILUMINESCENCE,South Lake Tahoe-Sandy Way," 3337 Sandy Way, South Lake Tahoe, CA",California,El Dorado,South Lake Tahoe,40900,"Sacramento--Roseville--Arden-Arcade, CA",2013-06-11
06,017,0011,42600,1,38.944979,-119.970609,WGS84,Reactive oxides of nitrogen (NOy),1,1 HOUR,,2004-04-06,Parts per billion,No Events,24,100.0,Y,14.875,29.0,5,,075,LOW LEVEL NOX INSTRUMENTAL - TECO 42S CHEMILUMINESCENCE,South Lake Tahoe-Sandy Way," 3337 Sandy Way, South Lake Tahoe, CA",California,El Dorado,South Lake Tahoe,40900,"Sacramento--Roseville--Arden-Arcade, CA",2013-06-11
06,017,0011,42600,1,38.944979,-119.970609,WGS84,Reactive oxides of nitrogen (NOy),1,1 HOUR,,2004-04-07,Parts per billion,No Events,24,100.0,Y,15.625,31.0,20,,075,LOW LEVEL NOX INSTRUMENTAL - TECO 42S CHEMILUMINESCENCE,South Lake Tahoe-Sandy Way," 3337 Sandy Way, South Lake Tahoe, CA",California,El Dorado,South Lake Tahoe,40900,"Sacramento--Roseville--Arden-Arcade, CA",2013-06-11
06,017,0011,42600,1,38.944979,-119.970609,WGS84,Reactive oxides of nitrogen (NOy),1,1 HOUR,,2004-04-08,Parts per billion,No Events,24,100.0,Y,15.958333,27.0,19,,075,LOW LEVEL NOX INSTRUMENTAL - TECO 42S CHEMILUMINESCENCE,South Lake Tahoe-Sandy Way," 3337 Sandy Way, South Lake Tahoe, CA",California,El Dorado,South Lake Tahoe,40900,"Sacramento--Roseville--Arden-Arcade, CA",2013-06-11
06,017,0011,42600,1,38.944979,-119.970609,WGS84,Reactive oxides of nitrogen (NOy),1,1 HOUR,,2004-04-10,Parts per billion,No Events,24,100.0,Y,11.791667,22.0,6,,075,LOW LEVEL NOX INSTRUMENTAL - TECO 42S CHEMILUMINESCENCE,South Lake Tahoe-Sandy Way," 3337 Sandy Way, South Lake Tahoe, CA",California,El Dorado,South Lake Tahoe,40900,"Sacramento--Roseville--Arden-Arcade, CA",2013-06-11
06,017,0011,42600,1,38.944979,-119.970609,WGS84,Reactive oxides of nitrogen (NOy),1,1 HOUR,,2004-04-11,Parts per billion,No Events,24,100.0,Y,9.916667,17.0,8,,075,LOW LEVEL NOX INSTRUMENTAL - TECO 42S CHEMILUMINESCENCE,South Lake Tahoe-Sandy Way," 3337 Sandy Way, South Lake Tahoe, CA",California,El Dorado,South Lake Tahoe,40900,"Sacramento--Roseville--Arden-Arcade, CA",2013-06-11
06,017,0011,42600,1,38.944979,-119.970609,WGS84,Reactive oxides of nitrogen (NOy),1,1 HOUR,,2004-04-12,Parts per billion,No Events,23,96.0,Y,7.608696,26.0,7,,075,LOW LEVEL NOX INSTRUMENTAL - TECO 42S CHEMILUMINESCENCE,South Lake Tahoe-Sandy Way," 3337 Sandy Way, South Lake Tahoe, CA",California,El Dorado,South Lake Tahoe,40900,"Sacramento--Roseville--Arden-Arcade, CA",2013-06-11
06,017,0011,42600,1,38.944979,-119.970609,WGS84,Reactive oxides of nitrogen (NOy),1,1 HOUR,,2004-04-13,Parts per billion,No Events,24,100.0,Y,6.541667,32.0,7,,075,LOW LEVEL NOX INSTRUMENTAL - TECO 42S CHEMILUMINESCENCE,South Lake Tahoe-Sandy Way," 3337 Sandy Way, South Lake Tahoe, CA",California,El Dorado,South Lake Tahoe,40900,"Sacramento--Roseville--Arden-Arcade, CA",2013-06-11
06,017,0011,42600,1,38.944979,-119.970609,WGS84,Reactive oxides of nitrogen (NOy),1,1 HOUR,,2004-04-14,Parts per billion,No Events,24,100.0,Y,3.083333,6.0,11,,075,LOW LEVEL NOX INSTRUMENTAL - TECO 42S CHEMILUMINESCENCE,South Lake Tahoe-Sandy Way," 3337 Sandy Way, South Lake Tahoe, CA",California,El Dorado,South Lake Tahoe,40900,"Sacramento--Roseville--Arden-Arcade, CA",2013-06-11
06,017,0011,42600,1,38.944979,-119.970609,WGS84,Reactive oxides of nitrogen (NOy),1,1 HOUR,,2004-04-15,Parts per billion,No Events,24,100.0,Y,2.833333,6.0,10,,075,LOW LEVEL NOX INSTRUMENTAL - TECO 42S CHEMILUMINESCENCE,South Lake Tahoe-Sandy Way," 3337 Sandy Way, South Lake Tahoe, CA",California,El Dorado,South Lake Tahoe,40900,"Sacramento--Roseville--Arden-Arcade, CA",2013-06-11
06,017,0011,42600,1,38.944979,-119.970609,WGS84,Reactive oxides of nitrogen (NOy),1,1 HOUR,,2004-04-16,Parts per billion,No Events,24,100.0,Y,4.25,14.0,22,,075,LOW LEVEL NOX INSTRUMENTAL - TECO 42S CHEMILUMINESCENCE,South Lake Tahoe-Sandy Way," 3337 Sandy Way, South Lake Tahoe, CA",California,El Dorado,South Lake Tahoe,40900,"Sacramento--Roseville--Arden-Arcade, CA",2013-06-11
06,017,0011,42600,1,38.944979,-119.970609,WGS84,Reactive oxides of nitrogen (NOy),1,1 HOUR,,2004-04-17,Parts per billion,No Events,24,100.0,Y,4.333333,8.0,7,,075,LOW LEVEL NOX INSTRUMENTAL - TECO 42S CHEMILUMINESCENCE,South Lake Tahoe-Sandy Way," 3337 Sandy Way, South Lake Tahoe, CA",California,El Dorado,South Lake Tahoe,40900,"Sacramento--Roseville--Arden-Arcade, CA",2013-06-11
06,017,0011,42600,1,38.944979,-119.970609,WGS84,Reactive oxides of nitrogen (NOy),1,1 HOUR,,2004-04-18,Parts per billion,No Events,24,100.0,Y,2.625,4.0,5,,075,LOW LEVEL NOX INSTRUMENTAL - TECO 42S CHEMILUMINESCENCE,South Lake Tahoe-Sandy Way," 3337 Sandy Way, South Lake Tahoe, CA",California,El Dorado,South Lake Tahoe,40900,"Sacramento--Roseville--Arden-Arcade, CA",2013-06-11
06,017,0011,42600,1,38.944979,-119.970609,WGS84,Reactive oxides of nitrogen (NOy),1,1 HOUR,,2004-04-19,Parts per billion,No Events,24,100.0,Y,3.0,6.0,7,,075,LOW LEVEL NOX INSTRUMENTAL - TECO 42S CHEMILUMINESCENCE,South Lake Tahoe-Sandy Way," 3337 Sandy Way, South Lake Tahoe, CA",California,El Dorado,South Lake Tahoe,40900,"Sacramento--Roseville--Arden-Arcade, CA",2013-06-11
06,017,0011,42600,1,38.944979,-119.970609,WGS84,Reactive oxides of nitrogen (NOy),1,1 HOUR,,2004-04-20,Parts per billion,No Events,23,96.0,Y,2.478261,5.0,7,,075,LOW LEVEL NOX INSTRUMENTAL - TECO 42S CHEMILUMINESCENCE,South Lake Tahoe-Sandy Way," 3337 Sandy Way, South Lake Tahoe, CA",California,El Dorado,South Lake Tahoe,40900,"Sacramento--Roseville--Arden-Arcade, CA",2013-06-11
06,017,0011,42600,1,38.944979,-119.970609,WGS84,Reactive oxides of nitrogen (NOy),1,1 HOUR,,2004-04-21,Parts per billion,No Events,24,100.0,Y,3.333333,7.0,15,,075,LOW LEVEL NOX INSTRUMENTAL - TECO 42S CHEMILUMINESCENCE,South Lake Tahoe-Sandy Way," 3337 Sandy Way, South Lake Tahoe, CA",California,El Dorado,South Lake Tahoe,40900,"Sacramento--Roseville--Arden-Arcade, CA",2013-06-11
06,017,0011,42600,1,38.944979,-119.970609,WGS84,Reactive oxides of nitrogen (NOy),1,1 HOUR,,2004-04-22,Parts per billion,No Events,24,100.0,Y,7.083333,17.0,12,,075,LOW LEVEL NOX INSTRUMENTAL - TECO 42S CHEMILUMINESCENCE,South Lake Tahoe-Sandy Way," 3337 Sandy Way, South Lake Tahoe, CA",California,El Dorado,South Lake Tahoe,40900,"Sacramento--Roseville--Arden-Arcade, CA",2013-06-11
06,017,0011,42600,1,38.944979,-119.970609,WGS84,Reactive oxides of nitrogen (NOy),1,1 HOUR,,2004-04-23,Parts per billion,No Events,24,100.0,Y,14.291667,28.0,6,,075,LOW LEVEL NOX INSTRUMENTAL - TECO 42S CHEMILUMINESCENCE,South Lake Tahoe-Sandy Way," 3337 Sandy Way, South Lake Tahoe, CA",California,El Dorado,South Lake Tahoe,40900,"Sacramento--Roseville--Arden-Arcade, CA",2013-06-11
06,017,0011,42600,1,38.944979,-119.970609,WGS84,Reactive oxides of nitrogen (NOy),1,1 HOUR,,2004-04-24,Parts per billion,No Events,24,100.0,Y,14.166667,30.0,18,,075,LOW LEVEL NOX INSTRUMENTAL - TECO 42S CHEMILUMINESCENCE,South Lake Tahoe-Sandy Way," 3337 Sandy Way, South Lake Tahoe, CA",California,El Dorado,South Lake Tahoe,40900,"Sacramento--Roseville--Arden-Arcade, CA",2013-06-11
06,017,0011,42600,1,38.944979,-119.970609,WGS84,Reactive oxides of nitrogen (NOy),1,1 HOUR,,2004-04-25,Parts per billion,No Events,24,100.0,Y,12.333333,24.0,20,,075,LOW LEVEL NOX INSTRUMENTAL - TECO 42S CHEMILUMINESCENCE,South Lake Tahoe-Sandy Way," 3337 Sandy Way, South Lake Tahoe, CA",California,El Dorado,South Lake Tahoe,40900,"Sacramento--Roseville--Arden-Arcade, CA",2013-06-11
06,017,0011,42600,1,38.944979,-119.970609,WGS84,Reactive oxides of nitrogen (NOy),1,1 HOUR,,2004-04-26,Parts per billion,No Events,24,100.0,Y,12.25,34.0,7,,075,LOW LEVEL NOX INSTRUMENTAL - TECO 42S CHEMILUMINESCENCE,South Lake Tahoe-Sandy Way," 3337 Sandy Way, South Lake Tahoe, CA",California,El Dorado,South Lake Tahoe,40900,"Sacramento--Roseville--Arden-Arcade, CA",2013-06-11
06,017,0011,42600,1,38.944979,-119.970609,WGS84,Reactive oxides of nitrogen (NOy),1,1 HOUR,,2004-04-27,Parts per billion,No Events,9,38.0,N,15.222222,39.0,7,,075,LOW LEVEL NOX INSTRUMENTAL - TECO 42S CHEMILUMINESCENCE,South Lake Tahoe-Sandy Way," 3337 Sandy Way, South Lake Tahoe, CA",California,El Dorado,South Lake Tahoe,40900,"Sacramento--Roseville--Arden-Arcade, CA",2013-06-11
06,017,2003,42600,1,38.842126,-120.407631,WGS84,Reactive oxides of nitrogen (NOy),1,1 HOUR,,2004-01-04,Parts per billion,No Events,24,100.0,Y,0.041667,1.0,11,,075,LOW LEVEL NOX INSTRUMENTAL - TECO 42S CHEMILUMINESCENCE,,TRAILER LOCATED AT BIG HILL LOOKOUT,California,El Dorado,Riverton,40900,"Sacramento--Roseville--Arden-Arcade, CA",2013-06-11
06,017,2003,42600,1,38.842126,-120.407631,WGS84,Reactive oxides of nitrogen (NOy),1,1 HOUR,,2004-01-01,Parts per billion,No Events,24,100.0,Y,0.0,0.0,0,,075,LOW LEVEL NOX INSTRUMENTAL - TECO 42S CHEMILUMINESCENCE,,TRAILER LOCATED AT BIG HILL LOOKOUT,California,El Dorado,Riverton,40900,"Sacramento--Roseville--Arden-Arcade, CA",2013-06-11
06,017,2003,42600,1,38.842126,-120.407631,WGS84,Reactive oxides of nitrogen (NOy),1,1 HOUR,,2004-01-02,Parts per billion,No Events,24,100.0,Y,0.041667,1.0,19,,075,LOW LEVEL NOX INSTRUMENTAL - TECO 42S CHEMILUMINESCENCE,,TRAILER LOCATED AT BIG HILL LOOKOUT,California,El Dorado,Riverton,40900,"Sacramento--Roseville--Arden-Arcade, CA",2013-06-11
06,017,2003,42600,1,38.842126,-120.407631,WGS84,Reactive oxides of nitrogen (NOy),1,1 HOUR,,2004-01-03,Parts per billion,No Events,24,100.0,Y,0.0,0.0,0,,075,LOW LEVEL NOX INSTRUMENTAL - TECO 42S CHEMILUMINESCENCE,,TRAILER LOCATED AT BIG HILL LOOKOUT,California,El Dorado,Riverton,40900,"Sacramento--Roseville--Arden-Arcade, CA",2013-06-11
06,017,2003,42600,1,38.842126,-120.407631,WGS84,Reactive oxides of nitrogen (NOy),1,1 HOUR,,2004-01-05,Parts per billion,No Events,24,100.0,Y,0.041667,1.0,19,,075,LOW LEVEL NOX INSTRUMENTAL - TECO 42S CHEMILUMINESCENCE,,TRAILER LOCATED AT BIG HILL LOOKOUT,California,El Dorado,Riverton,40900,"Sacramento--Roseville--Arden-Arcade, CA",2013-06-11
06,017,2003,42600,1,38.842126,-120.407631,WGS84,Reactive oxides of nitrogen (NOy),1,1 HOUR,,2004-01-06,Parts per billion,No Events,21,88.0,Y,0.142857,2.0,5,,075,LOW LEVEL NOX INSTRUMENTAL - TECO 42S CHEMILUMINESCENCE,,TRAILER LOCATED AT BIG HILL LOOKOUT,California,El Dorado,Riverton,40900,"Sacramento--Roseville--Arden-Arcade, CA",2013-06-11
06,017,2003,42600,1,38.842126,-120.407631,WGS84,Reactive oxides of nitrogen (NOy),1,1 HOUR,,2004-01-07,Parts per billion,No Events,24,100.0,Y,0.125,3.0,16,,075,LOW LEVEL NOX INSTRUMENTAL - TECO 42S CHEMILUMINESCENCE,,TRAILER LOCATED AT BIG HILL LOOKOUT,California,El Dorado,Riverton,40900,"Sacramento--Roseville--Arden-Arcade, CA",2013-06-11
06,017,2003,42600,1,38.842126,-120.407631,WGS84,Reactive oxides of nitrogen (NOy),1,1 HOUR,,2004-01-08,Parts per billion,No Events,24,100.0,Y,0.0,0.0,0,,075,LOW LEVEL NOX INSTRUMENTAL - TECO 42S CHEMILUMINESCENCE,,TRAILER LOCATED AT BIG HILL LOOKOUT,California,El Dorado,Riverton,40900,"Sacramento--Roseville--Arden-Arcade, CA",2013-06-11
06,017,2003,42600,1,38.842126,-120.407631,WGS84,Reactive oxides of nitrogen (NOy),1,1 HOUR,,2004-01-09,Parts per billion,No Events,24,100.0,Y,1.0,3.0,11,,075,LOW LEVEL NOX INSTRUMENTAL - TECO 42S CHEMILUMINESCENCE,,TRAILER LOCATED AT BIG HILL LOOKOUT,California,El Dorado,Riverton,40900,"Sacramento--Roseville--Arden-Arcade, CA",2013-06-11
06,017,2003,42600,1,38.842126,-120.407631,WGS84,Reactive oxides of nitrogen (NOy),1,1 HOUR,,2004-01-10,Parts per billion,No Events,24,100.0,Y,0.375,1.0,0,,075,LOW LEVEL NOX INSTRUMENTAL - TECO 42S CHEMILUMINESCENCE,,TRAILER LOCATED AT BIG HILL LOOKOUT,California,El Dorado,Riverton,40900,"Sacramento--Roseville--Arden-Arcade, CA",2013-06-11
06,017,2003,42600,1,38.842126,-120.407631,WGS84,Reactive oxides of nitrogen (NOy),1,1 HOUR,,2004-01-11,Parts per billion,No Events,24,100.0,Y,0.0,0.0,0,,075,LOW LEVEL NOX INSTRUMENTAL - TECO 42S CHEMILUMINESCENCE,,TRAILER LOCATED AT BIG HILL LOOKOUT,California,El Dorado,Riverton,40900,"Sacramento--Roseville--Arden-Arcade, CA",2013-06-11
06,017,2003,42600,1,38.842126,-120.407631,WGS84,Reactive oxides of nitrogen (NOy),1,1 HOUR,,2004-01-12,Parts per billion,No Events,24,100.0,Y,0.291667,1.0,13,,075,LOW LEVEL NOX INSTRUMENTAL - TECO 42S CHEMILUMINESCENCE,,TRAILER LOCATED AT BIG HILL LOOKOUT,California,El Dorado,Riverton,40900,"Sacramento--Roseville--Arden-Arcade, CA",2013-06-11
06,017,2003,42600,1,38.842126,-120.407631,WGS84,Reactive oxides of nitrogen (NOy),1,1 HOUR,,2004-01-13,Parts per billion,No Events,24,100.0,Y,0.541667,2.0,14,,075,LOW LEVEL NOX INSTRUMENTAL - TECO 42S CHEMILUMINESCENCE,,TRAILER LOCATED AT BIG HILL LOOKOUT,California,El Dorado,Riverton,40900,"Sacramento--Roseville--Arden-Arcade, CA",2013-06-11
06,017,2003,42600,1,38.842126,-120.407631,WGS84,Reactive oxides of nitrogen (NOy),1,1 HOUR,,2004-01-14,Parts per billion,No Events,22,92.0,Y,0.954545,3.0,17,,075,LOW LEVEL NOX INSTRUMENTAL - TECO 42S CHEMILUMINESCENCE,,TRAILER LOCATED AT BIG HILL LOOKOUT,California,El Dorado,Riverton,40900,"Sacramento--Roseville--Arden-Arcade, CA",2013-06-11
06,017,2003,42600,1,38.842126,-120.407631,WGS84,Reactive oxides of nitrogen (NOy),1,1 HOUR,,2004-01-15,Parts per billion,No Events,24,100.0,Y,0.75,2.0,17,,075,LOW LEVEL NOX INSTRUMENTAL - TECO 42S CHEMILUMINESCENCE,,TRAILER LOCATED AT BIG HILL LOOKOUT,California,El Dorado,Riverton,40900,"Sacramento--Roseville--Arden-Arcade, CA",2013-06-11
06,017,2003,42600,1,38.842126,-120.407631,WGS84,Reactive oxides of nitrogen (NOy),1,1 HOUR,,2004-01-16,Parts per billion,No Events,24,100.0,Y,0.916667,1.0,0,,075,LOW LEVEL NOX INSTRUMENTAL - TECO 42S CHEMILUMINESCENCE,,TRAILER LOCATED AT BIG HILL LOOKOUT,California,El Dorado,Riverton,40900,"Sacramento--Roseville--Arden-Arcade, CA",2013-06-11
06,017,2003,42600,1,38.842126,-120.407631,WGS84,Reactive oxides of nitrogen (NOy),1,1 HOUR,,2004-01-17,Parts per billion,No Events,24,100.0,Y,0.541667,1.0,0,,075,LOW LEVEL NOX INSTRUMENTAL - TECO 42S CHEMILUMINESCENCE,,TRAILER LOCATED AT BIG HILL LOOKOUT,California,El Dorado,Riverton,40900,"Sacramento--Roseville--Arden-Arcade, CA",2013-06-11
06,017,2003,42600,1,38.842126,-120.407631,WGS84,Reactive oxides of nitrogen (NOy),1,1 HOUR,,2004-01-18,Parts per billion,No Events,24,100.0,Y,0.333333,1.0,13,,075,LOW LEVEL NOX INSTRUMENTAL - TECO 42S CHEMILUMINESCENCE,,TRAILER LOCATED AT BIG HILL LOOKOUT,California,El Dorado,Riverton,40900,"Sacramento--Roseville--Arden-Arcade, CA",2013-06-11
06,017,2003,42600,1,38.842126,-120.407631,WGS84,Reactive oxides of nitrogen (NOy),1,1 HOUR,,2004-01-19,Parts per billion,No Events,24,100.0,Y,0.125,1.0,1,,075,LOW LEVEL NOX INSTRUMENTAL - TECO 42S CHEMILUMINESCENCE,,TRAILER LOCATED AT BIG HILL LOOKOUT,California,El Dorado,Riverton,40900,"Sacramento--Roseville--Arden-Arcade, CA",2013-06-11
06,017,2003,42600,1,38.842126,-120.407631,WGS84,Reactive oxides of nitrogen (NOy),1,1 HOUR,,2004-01-20,Parts per billion,No Events,21,88.0,Y,0.0,0.0,0,,075,LOW LEVEL NOX INSTRUMENTAL - TECO 42S CHEMILUMINESCENCE,,TRAILER LOCATED AT BIG HILL LOOKOUT,California,El Dorado,Riverton,40900,"Sacramento--Roseville--Arden-Arcade, CA",2013-06-11
06,017,2003,42600,1,38.842126,-120.407631,WGS84,Reactive oxides of nitrogen (NOy),1,1 HOUR,,2004-01-21,Parts per billion,No Events,24,100.0,Y,0.0,0.0,0,,075,LOW LEVEL NOX INSTRUMENTAL - TECO 42S CHEMILUMINESCENCE,,TRAILER LOCATED AT BIG HILL LOOKOUT,California,El Dorado,Riverton,40900,"Sacramento--Roseville--Arden-Arcade, CA",2013-06-11
06,017,2003,42600,1,38.842126,-120.407631,WGS84,Reactive oxides of nitrogen (NOy),1,1 HOUR,,2004-01-22,Parts per billion,No Events,24,100.0,Y,0.0,0.0,0,,075,LOW LEVEL NOX INSTRUMENTAL - TECO 42S CHEMILUMINESCENCE,,TRAILER LOCATED AT BIG HILL LOOKOUT,California,El Dorado,Riverton,40900,"Sacramento--Roseville--Arden-Arcade, CA",2013-06-11
06,017,2003,42600,1,38.842126,-120.407631,WGS84,Reactive oxides of nitrogen (NOy),1,1 HOUR,,2004-01-23,Parts per billion,No Events,24,100.0,Y,0.666667,4.0,4,,075,LOW LEVEL NOX INSTRUMENTAL - TECO 42S CHEMILUMINESCENCE,,TRAILER LOCATED AT BIG HILL LOOKOUT,California,El Dorado,Riverton,40900,"Sacramento--Roseville--Arden-Arcade, CA",2013-06-11
06,017,2003,42600,1,38.842126,-120.407631,WGS84,Reactive oxides of nitrogen (NOy),1,1 HOUR,,2004-01-24,Parts per billion,No Events,24,100.0,Y,0.25,2.0,0,,075,LOW LEVEL NOX INSTRUMENTAL - TECO 42S CHEMILUMINESCENCE,,TRAILER LOCATED AT BIG HILL LOOKOUT,California,El Dorado,Riverton,40900,"Sacramento--Roseville--Arden-Arcade, CA",2013-06-11
06,017,2003,42600,1,38.842126,-120.407631,WGS84,Reactive oxides of nitrogen (NOy),1,1 HOUR,,2004-01-25,Parts per billion,No Events,24,100.0,Y,0.0,0.0,0,,075,LOW LEVEL NOX INSTRUMENTAL - TECO 42S CHEMILUMINESCENCE,,TRAILER LOCATED AT BIG HILL LOOKOUT,California,El Dorado,Riverton,40900,"Sacramento--Roseville--Arden-Arcade, CA",2013-06-11
06,017,2003,42600,1,38.842126,-120.407631,WGS84,Reactive oxides of nitrogen (NOy),1,1 HOUR,,2004-01-26,Parts per billion,No Events,13,54.0,N,0.0,0.0,0,,075,LOW LEVEL NOX INSTRUMENTAL - TECO 42S CHEMILUMINESCENCE,,TRAILER LOCATED AT BIG HILL LOOKOUT,California,El Dorado,Riverton,40900,"Sacramento--Roseville--Arden-Arcade, CA",2013-06-11
06,017,2003,42600,1,38.842126,-120.407631,WGS84,Reactive oxides of nitrogen (NOy),1,1 HOUR,,2004-01-29,Parts per billion,No Events,19,79.0,Y,0.157895,2.0,8,,075,LOW LEVEL NOX INSTRUMENTAL - TECO 42S CHEMILUMINESCENCE,,TRAILER LOCATED AT BIG HILL LOOKOUT,California,El Dorado,Riverton,40900,"Sacramento--Roseville--Arden-Arcade, CA",2013-06-11
06,017,2003,42600,1,38.842126,-120.407631,WGS84,Reactive oxides of nitrogen (NOy),1,1 HOUR,,2004-01-30,Parts per billion,No Events,22,92.0,Y,0.272727,1.0,16,,075,LOW LEVEL NOX INSTRUMENTAL - TECO 42S CHEMILUMINESCENCE,,TRAILER LOCATED AT BIG HILL LOOKOUT,California,El Dorado,Riverton,40900,"Sacramento--Roseville--Arden-Arcade, CA",2013-06-11
06,017,2003,42600,1,38.842126,-120.407631,WGS84,Reactive oxides of nitrogen (NOy),1,1 HOUR,,2004-01-31,Parts per billion,No Events,24,100.0,Y,0.291667,1.0,2,,075,LOW LEVEL NOX INSTRUMENTAL - TECO 42S CHEMILUMINESCENCE,,TRAILER LOCATED AT BIG HILL LOOKOUT,California,El Dorado,Riverton,40900,"Sacramento--Roseville--Arden-Arcade, CA",2013-06-11
06,017,2003,42600,1,38.842126,-120.407631,WGS84,Reactive oxides of nitrogen (NOy),1,1 HOUR,,2004-02-01,Parts per billion,No Events,24,100.0,Y,0.083333,1.0,0,,075,LOW LEVEL NOX INSTRUMENTAL - TECO 42S CHEMILUMINESCENCE,,TRAILER LOCATED AT BIG HILL LOOKOUT,California,El Dorado,Riverton,40900,"Sacramento--Roseville--Arden-Arcade, CA",2013-06-11
06,017,2003,42600,1,38.842126,-120.407631,WGS84,Reactive oxides of nitrogen (NOy),1,1 HOUR,,2004-02-02,Parts per billion,No Events,24,100.0,Y,0.166667,2.0,13,,075,LOW LEVEL NOX INSTRUMENTAL - TECO 42S CHEMILUMINESCENCE,,TRAILER LOCATED AT BIG HILL LOOKOUT,California,El Dorado,Riverton,40900,"Sacramento--Roseville--Arden-Arcade, CA",2013-06-11
06,017,2003,42600,1,38.842126,-120.407631,WGS84,Reactive oxides of nitrogen (NOy),1,1 HOUR,,2004-02-03,Parts per billion,No Events,24,100.0,Y,0.0,0.0,0,,075,LOW LEVEL NOX INSTRUMENTAL - TECO 42S CHEMILUMINESCENCE,,TRAILER LOCATED AT BIG HILL LOOKOUT,California,El Dorado,Riverton,40900,"Sacramento--Roseville--Arden-Arcade, CA",2013-06-11
06,017,2003,42600,1,38.842126,-120.407631,WGS84,Reactive oxides of nitrogen (NOy),1,1 HOUR,,2004-02-04,Parts per billion,No Events,24,100.0,Y,0.166667,1.0,16,,075,LOW LEVEL NOX INSTRUMENTAL - TECO 42S CHEMILUMINESCENCE,,TRAILER LOCATED AT BIG HILL LOOKOUT,California,El Dorado,Riverton,40900,"Sacramento--Roseville--Arden-Arcade, CA",2013-06-11
06,017,2003,42600,1,38.842126,-120.407631,WGS84,Reactive oxides of nitrogen (NOy),1,1 HOUR,,2004-02-05,Parts per billion,No Events,23,96.0,Y,0.086957,1.0,17,,075,LOW LEVEL NOX INSTRUMENTAL - TECO 42S CHEMILUMINESCENCE,,TRAILER LOCATED AT BIG HILL LOOKOUT,California,El Dorado,Riverton,40900,"Sacramento--Roseville--Arden-Arcade, CA",2013-06-11
06,017,2003,42600,1,38.842126,-120.407631,WGS84,Reactive oxides of nitrogen (NOy),1,1 HOUR,,2004-02-06,Parts per billion,No Events,21,88.0,Y,0.238095,1.0,11,,075,LOW LEVEL NOX INSTRUMENTAL - TECO 42S CHEMILUMINESCENCE,,TRAILER LOCATED AT BIG HILL LOOKOUT,California,El Dorado,Riverton,40900,"Sacramento--Roseville--Arden-Arcade, CA",2013-06-11
06,061,0007,42600,1,39.184073,-120.122975,WGS84,Reactive oxides of nitrogen (NOy),1,1 HOUR,,2004-01-01,Parts per billion,No Events,23,96.0,Y,2.130435,5.0,3,,075,LOW LEVEL NOX INSTRUMENTAL - TECO 42S CHEMILUMINESCENCE,,2400 LAKE FOREST ROAD,California,Placer,Tahoe City,40900,"Sacramento--Roseville--Arden-Arcade, CA",2013-06-11
06,061,0007,42600,1,39.184073,-120.122975,WGS84,Reactive oxides of nitrogen (NOy),1,1 HOUR,,2004-01-02,Parts per billion,No Events,23,96.0,Y,7.0,18.0,8,,075,LOW LEVEL NOX INSTRUMENTAL - TECO 42S CHEMILUMINESCENCE,,2400 LAKE FOREST ROAD,California,Placer,Tahoe City,40900,"Sacramento--Roseville--Arden-Arcade, CA",2013-06-11
06,061,0007,42600,1,39.184073,-120.122975,WGS84,Reactive oxides of nitrogen (NOy),1,1 HOUR,,2004-01-03,Parts per billion,No Events,23,96.0,Y,11.782609,34.0,9,,075,LOW LEVEL NOX INSTRUMENTAL - TECO 42S CHEMILUMINESCENCE,,2400 LAKE FOREST ROAD,California,Placer,Tahoe City,40900,"Sacramento--Roseville--Arden-Arcade, CA",2013-06-11
06,061,0007,42600,1,39.184073,-120.122975,WGS84,Reactive oxides of nitrogen (NOy),1,1 HOUR,,2004-01-04,Parts per billion,No Events,2,8.0,N,8.0,10.0,1,,075,LOW LEVEL NOX INSTRUMENTAL - TECO 42S CHEMILUMINESCENCE,,2400 LAKE FOREST ROAD,California,Placer,Tahoe City,40900,"Sacramento--Roseville--Arden-Arcade, CA",2013-06-11
